{
  "feature_names": [
    "HR",
    "HR_slope",
    "PTT",
    "PTT_slope",
    "PPG",
    "PPG_slope",
    "Imp",
    "Imp_slope",
    "Temp",
    "Temp_slope",
    "HR_roll5",
    "HR_lag1",
    "HR_lag2",
    "PTT_roll5",
    "PTT_lag1",
    "PTT_lag2",
    "PPG_roll5",
    "PPG_lag1",
    "PPG_lag2",
    "Imp_roll5",
    "Imp_lag1",
    "Imp_lag2"
  ],
  "base_feature_names": [
    "HR",
    "HR_slope",
    "PTT",
    "PTT_slope",
    "PPG",
    "PPG_slope",
    "Imp",
    "Imp_slope",
    "Temp",
    "Temp_slope"
  ],
  "rf_feature_importances": {
    "PTT_roll5": 0.07440442340026739,
    "Temp": 0.07171758671365368,
    "HR_roll5": 0.055517856491068426,
    "HR": 0.0551016530721639,
    "PPG_roll5": 0.05453790551032359,
    "PTT": 0.054042887324022175,
    "HR_lag2": 0.053363354264709235,
    "PTT_lag1": 0.05312111926571026,
    "HR_lag1": 0.05182792718611924,
    "PPG_lag1": 0.048662559437081476,
    "Imp_roll5": 0.048429356890607275,
    "PPG": 0.04651495393086848,
    "PTT_lag2": 0.04317461256441412,
    "Imp_lag1": 0.04007756692908723,
    "PPG_lag2": 0.038141292056415164,
    "Temp_slope": 0.03619836230279021,
    "PTT_slope": 0.03417767636625572,
    "Imp_lag2": 0.034095126853683336,
    "PPG_slope": 0.03154369164728257,
    "Imp": 0.030498390293755014,
    "HR_slope": 0.02774605109345465,
    "Imp_slope": 0.01710564640626699
  },
  "rf_feature_weights": [
    1.2122363675876056,
    0.6104131240560021,
    1.1889435211284876,
    0.7519088800576257,
    1.0233289864791064,
    0.6939612162402164,
    0.6709645864626101,
    0.3763242209378737,
    1.5777869077003805,
    0.7963639706613844,
    1.221392842803505,
    1.1402143980946229,
    1.173993793823603,
    1.636897314805882,
    1.1686646238456255,
    0.9498414764171105,
    1.1998339212271185,
    1.0705763076157921,
    0.8391084252411335,
    1.0654458515933598,
    0.881706472439919,
    0.7500927907810332
  ],
  "seq_len": 10,
  "n_features": 22,
  "class_labels": [
    "STABLE",
    "WARNING",
    "CRITICAL"
  ],
  "model_type": "Hybrid LSTM (PyTorch) + RandomForest",
  "lstm_architecture": "LSTM(64)-Drop(0.3)-LSTM(32)-Drop(0.2)-Dense(16)-Dense(3)",
  "rf_n_estimators": 500
}